Task,Joint,Component,Intra_avril,Intra_grass,Intra_sporthall,Intra_trees,InterAvg,Ratio_avril,Ratio_grass,Ratio_sporthall,Ratio_trees
cmj,trunk,x,3.10555394833486,3.12884796742409,3.39689945478986,3.16154610070704,4.68361090048518,1.59793157858581,1.50255693432832,1.38334821551917,1.49001481964236
cmj,trunk,y,1.18767286721797,1.41768066616607,1.30216481429348,1.42037067264949,2.13620867384412,1.85795384536838,1.54879173369491,1.71672414289095,1.54430073832003
cmj,trunk,z,2.15134271333891,2.32535783580303,2.29727921108873,2.06842004495292,2.5541468323503,1.26985594183571,1.14494949272967,1.18172505378523,1.30093977177557
cmj,pelvis,x,1.3378306428377,1.64954220275238,1.46366773414608,1.63455732227058,2.78931325190147,2.14147885981554,1.6653904809423,1.88849153644012,1.71697114506343
cmj,pelvis,y,0.982617635956095,1.25258343802076,1.10978391395446,1.10012872509351,1.83413091071274,2.05455720450283,1.63237243851817,1.849677452154,1.70511009907226
cmj,pelvis,z,1.98089048213454,2.29454493963933,2.14919501032434,2.08575969853867,2.52214657680976,1.35043174993928,1.12401122607886,1.21026929104439,1.22490610828384
cmj,hip,x,3.17065232704947,2.83992110622405,2.55679258720072,2.64329432517221,4.70360337029764,1.62311285093574,1.64084221698199,1.87577980506465,1.79638985966756
cmj,hip,y,1.73377408764621,1.72841491138874,1.60183555460792,1.66295731251766,2.49798517577313,1.45286775265036,1.51561304442472,1.58898692064113,1.57206952086558
cmj,hip,z,1.16378673404305,1.43918302204508,1.17085028090448,1.45734733496123,2.43476364453084,2.20433565156447,1.72144940126003,2.14488247138049,1.69406508411395
cmj,knee,x,3.73482390151656,3.44185000682324,3.2279902622653,3.21295290282635,4.96287403314811,1.39525839939571,1.42962617567162,1.51824971901598,1.52664512519087
cmj,knee,y,0.765709539879994,0.916019954209067,0.73063393066428,0.983255363707405,1.54974823741575,2.21481892552902,1.85138750638688,2.32473003156127,1.89893063759241
cmj,knee,z,1.30943091611205,1.5389268611852,1.67740232726256,1.61212327875885,4.42959613794563,3.58981992103733,2.92864763889513,2.83750443712108,2.76324244544744
cmj,ankle,x,3.24844586576423,2.77076192531748,2.64694344022679,2.83252061059021,4.64023794559441,1.55494122922503,1.6883778351694,1.76734637029103,1.68529565075123
cmj,ankle,y,1.081240287856,1.30093824355537,1.07879436885938,1.29734989146244,2.02477443943894,1.9149392527808,1.59725389223863,1.94373076781099,1.61383810137825
cmj,ankle,z,2.09440658924959,2.42355342738239,2.17779588167678,2.20392284386613,3.46372608396596,1.72891746785904,1.46376086747926,1.62059977277945,1.62767996930898
run,trunk,x,2.92182677316511,1.83743872827269,2.27342837666399,1.77736539789862,3.5685593165804,1.2305316772089,1.97517984679972,1.61860362898723,2.06922848418796
run,trunk,y,0.860649359877301,1.12733328080074,0.92955048584206,1.01002485556088,1.6729876074155,1.96091882466313,1.48753061297434,1.81217767250642,1.74769401377221
run,trunk,z,2.07128617137896,2.6901133298806,1.9351255875134,2.12976513461164,2.64930028348859,1.30948060404872,0.98648152889407,1.41294037015298,1.26091080893586
run,pelvis,x,1.5113727747772,1.31469777314165,1.1504493783946,1.24078100532895,2.57347581190772,1.77089665170818,2.01366910196916,2.25457853335844,2.15016155186527
run,pelvis,y,1.51226860207584,1.51625496766131,1.02438718122815,1.44769967878466,2.07204518998828,1.41489522429561,1.3670152883663,2.03447877088811,1.43569948716153
run,pelvis,z,2.04282330248625,2.13894448326291,1.65484735956045,1.77246172867093,2.37011430442544,1.16505158129775,1.11361992991498,1.46411119734541,1.34421737252968
run,hip,x,2.48702921397434,2.69589227380101,2.15500695346662,1.87458986199736,3.66319119085635,1.49611337815687,1.38510166288038,1.78296618626501,1.93876353931265
run,hip,y,1.70811898756237,1.70607011529451,1.25748604542472,1.56039811412402,2.44532258777551,1.46036704854939,1.43638367726111,1.94876315857111,1.58545047585963
run,hip,z,1.46845772211135,2.40555784017932,1.11384729367969,4.03567540997197,3.30672301195263,2.27227296345277,1.36851203523301,3.09660586783518,0.818049286925927
run,knee,x,3.78963007384092,4.64365908166435,3.25869759208204,3.32818927490198,5.23021308852686,1.36464158317231,1.11471371648136,1.64818917354815,1.60025763393353
run,knee,y,0.972353774923047,1.45384406611211,0.868006829882969,2.31939383905266,2.00950048515345,2.20118243689989,1.47186463196152,2.41185192545846,1.055964187219
run,knee,z,1.65635005888615,2.1536629242284,1.28750108961201,2.64622184851513,4.78522782736844,3.06171330533528,2.24842823562647,3.84110499131677,1.89707939826079
run,ankle,x,2.42741575770201,2.69104646072619,2.07122681625343,1.94235627580872,3.5565076401786,1.45077622196186,1.38755893889463,1.70699277529178,1.85920884057895
run,ankle,y,0.968622153613076,1.21300917840297,0.861071374966237,1.33731337041264,1.6830582361894,1.76924022533162,1.48683788916763,1.96619079371059,1.26601718866911
run,ankle,z,2.10149662423219,2.39704191285532,2.01672769388926,2.33360542391785,3.67180836140633,1.82176913924444,1.59149201829298,1.96142455180309,1.62906903825737
sts,trunk,x,3.86246591359374,4.25081932650497,3.93582943174601,3.35780100161993,4.71799402000884,1.24086306305543,1.18864589278829,1.21518527518296,1.45044846703016
sts,trunk,y,1.05442154579531,1.2332500157785,1.18164358580609,1.52539500157659,2.24962050175176,2.14848090352363,1.86891474437261,1.94989755344374,1.48757989580997
sts,trunk,z,1.51401664763211,1.89071903277787,1.66433346904119,1.88448355604133,2.30544982811039,1.58752170750335,1.30986672378095,1.48147439872045,1.29214735727895
sts,pelvis,x,2.28627444665498,2.24143825886767,2.68532163277684,2.10626045277094,3.57245347253808,1.5836845242168,1.69702339442762,1.35466055183181,1.69874792340692
sts,pelvis,y,0.534596672130705,0.513239126831346,0.494133922029985,0.649241139851689,1.25201999407752,2.3971136991458,2.53767094707495,2.54911962213675,1.98421606117882
sts,pelvis,z,1.07416728105488,1.42354049449141,1.29220997693794,1.53838453512279,2.39636862038416,2.27895576879764,1.73384044599208,1.94207687979873,1.58649635160848
sts,hip,x,4.56473420283924,4.54184052428213,4.65816964094404,3.88853251662975,6.35750369631371,1.52891468713399,1.75910558064355,1.41565014221315,1.77150293721565
sts,hip,y,1.62542274383599,1.53721277559197,1.68705103589261,1.68270833851767,2.27863971966993,1.41951757993006,1.49279508696331,1.34730319400696,1.40078820882082
sts,hip,z,1.37595310889839,2.06235662319833,1.41407838515877,1.72518509530797,3.15163727741163,2.31768621574133,1.55700394189684,2.29789113234441,1.83662011792489
sts,knee,x,4.76173281034238,5.02733895943837,4.19898755484932,4.24918340580623,5.88464072537214,1.49807189438753,1.41795576026691,1.72928836711117,1.46495512613435
sts,knee,y,1.39475221535267,1.97965504090165,1.36551743090417,1.84264146236442,2.52564447015345,1.85492646756343,1.29109268173753,1.87070285318789,1.37468150366995
sts,knee,z,2.23289192888205,2.26784586499488,2.73167240791297,2.27971675503247,6.01960387375954,2.74655005326479,2.79964991884112,2.22964809841687,2.69647109596229
sts,ankle,x,1.88001415719345,2.25714099654804,1.83447229854765,1.98883816926101,2.69477763442984,1.45578980527496,1.23132852077271,1.50660334236469,1.36885901832568
sts,ankle,y,1.4728881121588,1.40593601137759,1.54326824266949,1.45778673212759,2.51724471599152,1.71668180854742,1.79863825495342,1.63327018433011,1.7357868092507
sts,ankle,z,2.40030247542841,2.11184124328158,2.88655032224941,2.42042337872333,5.26544379060811,2.21515394377143,2.52141916947934,1.85333736594688,2.19465920008177
walk,trunk,x,0.867435635799777,1.1109932660965,0.663352571184043,1.52310798009654,6.20874662212759,7.25089972679855,5.61842278253016,9.62576464386352,4.12678494310192
walk,trunk,y,0.461416195834341,0.631592248045619,0.465405553735025,0.69269667864972,1.4898643008353,3.27565725253828,2.38614962286814,3.23361928836102,2.21620937949954
walk,trunk,z,1.32205604757752,1.69318275275074,1.08908515251119,1.52258927569153,1.81708878844807,1.40662338606792,1.07473536443536,1.68175837237921,1.19470170202163
walk,pelvis,x,0.651733610143312,0.895496737302005,0.520122063845909,1.00362148234821,2.64255689618881,4.06243073519953,2.96243630350984,5.09497024481428,2.63321186557364
walk,pelvis,y,0.611765329649271,0.975815133959295,0.482973571382478,1.08280057606425,1.75467904736331,2.88749429593094,1.88357037015056,3.63902665335277,1.6458628031972
walk,pelvis,z,1.22606464524056,1.62832380960644,0.998818108501884,1.5632817468466,2.12622291581049,1.75890568314177,1.31609138658,2.15009530183903,1.36341979186068
walk,hip,x,1.18813537031121,1.42773230474555,0.971433522489417,2.02176734518508,11.844757754413,10.1753512344899,9.56027536416069,12.435094262467,6.346050073397
walk,hip,y,0.900516626135659,1.26314298311999,0.719752334742314,1.37521893055797,3.32339462953241,3.75573615326065,2.71660499347574,4.69073902008375,2.44858637318716
walk,hip,z,0.904086522836338,1.97530791323434,0.584501137899094,3.60055623509684,3.1464435138455,3.53557296231416,1.60896398193686,5.55182850385345,0.869828166973046
walk,knee,x,1.74414305467009,2.06832167860266,1.39334233763265,2.38847903651405,13.1607171857098,8.07748875578392,7.77136551317312,10.2411887596874,6.90538747073056
walk,knee,y,0.532192785660283,1.07212906396672,0.400074066779168,1.67590737015427,1.99098051760859,4.01429145773989,2.14203770628042,5.41535931478296,1.38111891643403
walk,knee,z,0.925596335995038,2.29334426872277,0.631275472116696,3.2398482280109,4.79899364333623,5.27950908379075,2.11576984165186,7.74320443064499,1.49077867008385
walk,ankle,x,1.21599178013536,1.63711981966391,1.09320738069234,1.59027275698871,3.29387571188893,2.66767085702038,2.00718059696844,2.92988413983081,2.04121236703331
walk,ankle,y,0.63261052499618,0.928880924952026,0.556933079206564,1.16556769322611,1.77350056950973,2.86653509349973,1.94599559321593,3.23122290302553,1.5483521041367
walk,ankle,z,1.49064764230488,1.83758039076789,1.12269700926268,1.88014186755389,3.21653639911728,2.3401758049742,1.83991014730211,2.99471510756997,1.78077522679102
